Net_id,Chain_id,Chain_interval
1,1,T1988 - T1683 - T48 - T100 - T50 - T1684 - T1783 - T1927 - T1145 - T665 - T506 - T666 - T1146 - T1929 - T1784 - T2751 - T2831 - T2752 - T1785 - T1930 - T1147 - T667 - T758
2,13,T1562 - T1614 - T1415 - T1479 - T1018 - T1197 - T717 - T539 - T2211 - T2573 - T2325
3,136,T763 - T683 - T1163 - T1001 - T1462 - T1401 - T1596 - T1555
4,137,T759 - T668 - T1148 - T1931 - T1786 - T2753 - T1787 - T1933 - T1149 - T669 - T507 - T670 - T1150 - T1934 - T1788 - T1685 - T52 - T1686 - T1989
5,138,T2424 - T2673 - T2086 - T347 - T936 - T1352 - T1242 - T147 - T105 - T61 - T1692 - T1798 - T1949 - T1172 - T692 - T523 - T2200 - T2562 - T2314
6,139,T2223 - T2471 - T2109 - T419 - T554 - T1029 - T1824 - T1706 - T2695 - T2775 - T2853 - T1254 - T807 - T241 - T1997 - T2583 - T2335
7,140,T1554 - T1595 - T1400 - T1461 - T1000 - T1162 - T682 - T762
8,141,T761 - T681 - T1161 - T999 - T1460 - T1399 - T1594 - T1553
9,142,T2395 - T2643 - T2057 - T313 - T897 - T1324 - T1230 - T137 - T95 - T138 - T1231 - T1327 - T900 - T316 - T2060 - T2646 - T2398
10,143,T2340 - T2588 - T2002 - T246 - T812 - T1259 - T1208 - T114 - T74 - T7 - T1649 - T1710 - T1831 - T1039 - T560 - T425 - T2115 - T2477 - T2229
11,144,T2256 - T2504 - T2142 - T454 - T595 - T1074 - T1864 - T1736 - T1663 - T26
11,145,T26 - T86
11,146,T86 - T125 - T1218 - T1287 - T847 - T274 - T848 - T771 - T1509 - T1484 - T1624 - T392 - T380 - T367 - T1576 - T1381 - T1429 - T968 - T1076 - T597 - T739
11,148,T26 - T1664 - T1978 - T3045 - T736
11,150,T26 - T1666 - T1738 - T1866 - T1077 - T598 - T455 - T2143 - T2505 - T2257
11,124,T740 - T3046 - T1979 - T1665 - T26
11,169,T737 - T596 - T1075 - T1865 - T1737 - T2716 - T2796 - T2874 - T1288 - T849 - T275 - T850 - T1289 - T1219 - T126 - T86
12,152,T2427 - T2676 - T2089 - T351 - T941 - T1356 - T2920 - T2840 - T2762 - T1804 - T1957 - T1185 - T705 - T530 - T2204 - T2566 - T2318
13,153,T2262 - T2510 - T2148 - T460 - T605 - T1084 - T1871 - T1742 - T2720 - T2800 - T2878 - T1295 - T857 - T282 - T2035 - T2621 - T2373
14,154,T2380 - T2628 - T2042 - T293 - T872 - T1308 - T2885 - T2807 - T2886 - T1309 - T873 - T294 - T874 - T775 - T1513 - T214 - T204 - T215 - T1520 - T782
15,155,T2304 - T2552 - T2190 - T511 - T674 - T1154 - T1939 - T1791 - T1687 - T54 - T102 - T144 - T1239 - T1346 - T926 - T338 - T2078 - T2665 - T2416
16,156,T956 - T1417 - T1369 - T1564 - T1536
17,157,T2429 - T2678 - T2091 - T353 - T943 - T1358 - T1244 - T149 - T107 - T150 - T1245 - T1359 - T944 - T354 - T2092 - T2679 - T2430
18,158,T1617 - T1633 - T1493 - T1519 - T781
19,159,T2392 - T2640 - T2054 - T310 - T894 - T1322 - T2897 - T2816 - T2735 - T1762 - T1899 - T1115 - T636 - T483 - T2168 - T2530 - T2282
20,160,T2312 - T2560 - T2198 - T520 - T688 - T1168 - T1946 - T1795 - T2757 - T2835 - T2914 - T1350 - T934 - T345 - T2084 - T2671 - T2422
21,15,T2240 - T2488 - T2126 - T436 - T571 - T1050 - T1843 - T1721 - T1655 - T14 - T79 - T119 - T1212 - T1270 - T823 - T257 - T2013 - T2599 - T2351
22,161,T2352 - T2600 - T2014 - T258 - T824 - T1271 - T1213 - T120 - T80 - T121 - T1214 - T1272 - T825 - T259 - T2015 - T2601 - T2353
23,162,T933 - T344 - T2083 - T2670 - T2421
24,163,T41 - T96 - T139 - T1232 - T1333 - T906 - T322 - T907
25,164,T2420 - T2669 - T2082 - T343 - T932 - T1349 - T1241 - T146 - T104 - T58 - T1689 - T1794 - T1944 - T1166 - T686 - T518 - T2196 - T2558 - T2310
26,165,T1558 - T1605 - T1406 - T1468 - T1007 - T1177 - T697 - T764
27,167,T742 - T600 - T1079 - T970 - T1431 - T1383 - T1578 - T1546
28,168,T2264 - T2512 - T2150 - T462 - T607 - T1086 - T1872 - T1743 - T2721 - T2801 - T2879 - T1296 - T859 - T284 - T2037 - T2623 - T2375
29,170,T2271 - T2519 - T2157 - T470 - T620 - T1099 - T1884 - T1752 - T2727 - T2808 - T2887
30,16,T2254 - T2502 - T2140 - T452 - T593 - T1072 - T1861 - T1734 - T2714 - T2794 - T2872 - T1285 - T845 - T272 - T2027 - T2613 - T2365
31,171,T1542 - T1570 - T1375 - T1423 - T962 - T1059 - T580 - T441 - T581 - T1060 - T963 - T1424 - T1376 - T1571 - T1543
32,172,T1620 - T1636 - T1496 - T1523 - T785
33,174,T908 - T323 - T2066 - T2652 - T2404
34,175,T2290 - T2538 - T2176 - T492 - T646 - T1126 - T1908 - T1770 - T2742 - T2823 - T2743 - T1771 - T1910 - T1127 - T647 - T756
35,176,T2434 - T2683 - T2096 - T358 - T948 - T1363 - T1246 - T151 - T108 - T67 - T1696 - T1809 - T1964 - T1194 - T714 - T537 - T715 - T1195 - T1017 - T1478 - T1414 - T1613 - T1561
36,177,T2303 - T2551 - T2189 - T510 - T673 - T1153 - T994 - T1455 - T194 - T206 - T217 - T1529 - T791
37,178,T929 - T341 - T2081 - T2668 - T2419
38,179,T2280 - T2528 - T2166 - T481 - T633 - T1112 - T981 - T1442 - T1394 - T1589 - T372
38,180,T372 - T386 - T397
38,181,T397 - T1638 - T1498 - T1525 - T787
38,183,T397 - T1640 - T1500 - T1528 - T790
38,185,T372 - T1593 - T1398 - T1453 - T992 - T1139 - T659 - T502 - T660 - T1140 - T1922 - T1779 - T1681 - T44 - T98 - T141
38,186,T141 - T99 - T46 - T1682 - T1780 - T1923 - T1141 - T661 - T503 - T662 - T1142 - T1925 - T1781 - T2749 - T2829 - T2909 - T1338 - T915 - T329 - T916 - T1339 - T1234
38,187,T141 - T1234
38,188,T141 - T1235 - T1340 - T917 - T330 - T918
38,135,T788 - T1526 - T1499 - T1639 - T397
38,166,T913 - T328 - T914 - T1337 - T2908 - T2828 - T2748 - T1778 - T1920 - T1136 - T656 - T500 - T657 - T1137 - T990 - T1451 - T1396 - T1591 - T372
39,189,T2276 - T2524 - T2162 - T477 - T629 - T1108 - T1892 - T1757 - T2731 - T2812 - T2892 - T1316
40,17,T1544 - T1572 - T1377 - T1425 - T964 - T1063 - T584 - T444 - T2133 - T2495 - T2247
41,190,T2368 - T2616 - T2030 - T277 - T852 - T1291 - T1220 - T127 - T87 - T128 - T1221 - T1292 - T853 - T278 - T2031 - T2617 - T2369
42,191,T2243 - T2491 - T2129 - T439 - T575 - T1054 - T1849 - T1725 - T2706 - T2786 - T2865 - T1276 - T831 - T262 - T2017 - T2603 - T2355
43,192,T2317 - T2565 - T2203 - T529 - T704 - T1184 - T1956 - T1803 - T1695 - T65 - T106 - T148 - T1243 - T1357 - T942 - T352 - T2090 - T2677 - T2428
44,193,T747 - T3048 - T1981 - T1668 - T29 - T89 - T130
44,194,T130 - T90 - T30 - T1669 - T1982 - T3049 - T748
44,196,T130 - T1224 - T1300 - T864 - T287 - T865 - T1301
44,223,T749 - T612 - T1091 - T974 - T1435 - T1387 - T1582 - T370 - T384 - T395 - T1627 - T1487 - T1512 - T774 - T862 - T286 - T863 - T1299 - T1223 - T130
45,197,T2294 - T2542 - T2180 - T496 - T652 - T1132 - T1913
46,198,T2426 - T2675 - T2088 - T350 - T940 - T1355 - T2919 - T2839 - T2761 - T1801 - T1954 - T1176 - T696 - T526 - T2202 - T2564 - T2316
47,199,T2401 - T2649 - T2063 - T319 - T903 - T1330 - T2903 - T2822 - T2741 - T1769 - T1907 - T1125 - T645 - T491 - T2175 - T2537 - T2289
48,200,T2432 - T2681 - T2094 - T356 - T946 - T1361 - T2922 - T2842 - T2764 - T1806 - T1960 - T1191 - T711 - T534 - T2207 - T2569 - T2321
49,201,T2245 - T2493 - T2131 - T442 - T582 - T1061 - T1852 - T1727 - T1661 - T22 - T84 - T123 - T1216 - T1280 - T835 - T266 - T2021 - T2607 - T2359
50,202,T2260 - T2508 - T2146 - T458 - T603 - T1082 - T1868 - T1740 - T2718 - T2798 - T2876 - T1293 - T854 - T279 - T2032 - T2618 - T2370
51,203,T2431 - T2680 - T2093 - T355 - T945 - T1360 - T2921 - T2841 - T2763 - T1805 - T1958 - T1190 - T710 - T533 - T2206 - T2568 - T2320
52,204,T2343 - T2591 - T2005 - T249 - T815 - T1262 - T1210 - T117 - T77 - T12 - T1653 - T1714 - T1835 - T1043 - T564 - T429 - T2119 - T2481 - T2233
53,205,T731 - T576 - T1055 - T959 - T1420 - T1372 - T1567 - T1539
54,206,T2291 - T2539 - T2177 - T493 - T649 - T1129 - T1911 - T1772 - T2744 - T2824 - T2904 - T1331 - T904 - T320 - T2064 - T2650 - T2402
55,207,T2305 - T2553 - T2191 - T512 - T675 - T1155 - T1941 - T1792 - T1688 - T56 - T103 - T145 - T1240 - T1347 - T928 - T340 - T2080 - T2667 - T2418
56,208,T373
56,210,T373 - T387
56,211,T387 - T374
56,212,T387 - T399
56,213,T399 - T1641
56,214,T399 - T388 - T375 - T1606 - T1407 - T1469 - T1008 - T1178 - T698 - T527 - T699 - T1179 - T1955 - T1802 - T1693 - T63 - T1694 - T1991
56,215,T1990 - T1690 - T59 - T1691 - T1797 - T1948 - T1170 - T690 - T522 - T691 - T1171 - T1005 - T1466 - T1403 - T1598 - T373
57,216,T1448 - T987 - T1119 - T639 - T486 - T640 - T1120 - T1902 - T1764 - T1677 - T39 - T1678 - T1987
58,217,T927 - T339 - T2079 - T2666 - T2417
59,218,T1552 - T1592 - T1397 - T1452 - T991 - T1138 - T658 - T501 - T2184 - T2546
60,19,T2269 - T2517 - T2155 - T467 - T615 - T1094 - T1880 - T1749 - T2724 - T2804 - T2882 - T1304 - T868 - T290 - T2040 - T2626 - T2378
61,219,T886 - T303 - T2048 - T2634 - T2386
62,220,T2288 - T2536 - T2174 - T490 - T644 - T1124 - T1906 - T1768 - T2740 - T2821 - T2902 - T1329 - T902 - T318 - T2062 - T2648 - T2400
63,221,T2237 - T2485 - T2123 - T433 - T568 - T1047 - T1840 - T1718 - T2701 - T2781 - T2860 - T1267 - T820 - T254 - T2010 - T2596 - T2348
64,222,T2287 - T2535 - T2173 - T489 - T643 - T1123 - T1905 - T1767 - T2739 - T2820 - T2901 - T1328 - T901 - T317 - T2061 - T2647 - T2399
65,225,T2388 - T2636 - T2050 - T305 - T888 - T1317 - T2893 - T2813 - T2732 - T1758 - T1893 - T1109 - T630 - T478 - T2163 - T2525 - T2277
66,226,T398 - T387
66,227,T387 - T374
66,228,T387 - T399
66,229,T399 - T1641
66,230,T399 - T388 - T375 - T1606 - T1407 - T1469 - T1008 - T1178 - T698 - T527 - T699 - T1179 - T1955 - T1802 - T1693 - T63 - T1694 - T1991
67,231,T2228 - T2476 - T2114 - T424 - T559 - T1038 - T1829 - T1709 - T2697 - T2777 - T2855 - T1260 - T813 - T247 - T2003 - T2589 - T2341
68,232,T2423 - T2672 - T2085 - T346 - T935 - T1351 - T2916 - T2836 - T2758 - T1796 - T1947 - T1169 - T689 - T521 - T2199 - T2561 - T2313
69,20,T2279 - T2527 - T2165 - T480 - T632 - T1111 - T1896 - T1760 - T1676 - T37 - T94 - T136 - T1229 - T1321 - T893 - T309 - T2053 - T2639 - T2391
70,233,T133 - T1227 - T1313 - T880 - T299 - T2046 - T2632 - T2384
71,235,T2393 - T2641 - T2055 - T311 - T895
72,236,T2307 - T2555 - T2193 - T514 - T677 - T1157 - T996 - T1457 - T196
72,237,T196 - T208 - T219 - T1531 - T793
72,239,T196 - T1459 - T998 - T1160 - T680 - T760
72,173,T930 - T342 - T931 - T1348 - T2913 - T2834 - T2756 - T1793 - T1943 - T1158 - T678 - T515 - T679 - T1159 - T997 - T1458 - T196
73,240,T2330 - T2578 - T2216 - T544 - T722 - T1202 - T1020 - T1481 - T201 - T212 - T223 - T1535 - T797
74,241,T1538 - T1566 - T1371 - T1419 - T958 - T1037 - T558 - T423 - T2113 - T2475 - T2227
75,242,T1547 - T1579 - T1384 - T1432 - T971 - T1081 - T602 - T457 - T2145 - T2507 - T2259
76,243,T2438 - T2687 - T2100 - T362 - T952
77,244,T2407 - T2655 - T2069 - T326 - T911 - T1335 - T1233 - T140 - T97 - T43 - T1680 - T1776 - T1917 - T1134 - T654 - T498 - T2182 - T2544 - T2296
78,245,T2342 - T2590 - T2004 - T248 - T814 - T1261 - T1209 - T116 - T76 - T11 - T1652 - T1713 - T1834 - T1042 - T563 - T428 - T2118 - T2480 - T2232
79,21,T2322 - T2570 - T2208 - T535 - T712 - T1192 - T1961 - T1807 - T2765 - T2843 - T2923 - T1362 - T947 - T357 - T2095 - T2682 - T2433
80,246,T2311 - T2559 - T2197 - T519 - T687 - T1167 - T1004 - T1465 - T198
80,247,T198 - T210 - T221 - T1533 - T795
80,248,T198 - T1472
80,249,T198 - T1473 - T1012 - T1183 - T703 - T767
81,250,T755 - T635 - T1114 - T982 - T1443
82,22,T2345 - T2593 - T2007 - T251 - T817 - T1264 - T1211 - T118 - T78 - T13 - T1654 - T1715 - T1836 - T1044 - T565 - T430 - T2120 - T2482 - T2234
83,2,T2250 - T2498 - T2136 - T448 - T589 - T1068 - T1856 - T1731 - T2712 - T2792 - T2870 - T1282 - T841 - T268 - T2023 - T2609 - T2361
84,23,T2409 - T2657 - T2071 - T331 - T919 - T1341 - T2910 - T2830 - T2750 - T1782 - T1926 - T1144 - T664 - T505 - T2186 - T2548 - T2300
85,24,T2251 - T2499 - T2137 - T449 - T590 - T1069 - T967 - T1428 - T1380 - T1575 - T366 - T378 - T391 - T1623 - T1483 - T1508 - T770 - T843 - T270 - T2025 - T2611 - T2363
86,25,T2306 - T2554 - T2192 - T513 - T676 - T1156 - T995 - T1456 - T195 - T207 - T218 - T1530 - T792
87,26,T2437 - T2686 - T2099 - T361 - T951 - T1366 - T2926 - T2846 - T2768 - T1811 - T1967 - T1198 - T718 - T540 - T2212 - T2574 - T2326
88,27,T2299 - T2547 - T2185 - T504 - T663 - T1143 - T993 - T1454 - T193 - T205 - T216 - T1527 - T789
89,28,T2385 - T2633 - T2047 - T302 - T885 - T1315 - T2890 - T2811 - T2730 - T1755 - T1889 - T1106 - T627 - T475 - T2160 - T2522 - T2274
90,29,T2405 - T2653 - T2067 - T324 - T909 - T1334 - T2906 - T2826 - T2746 - T1775 - T1915 - T1133 - T653 - T497 - T2181 - T2543 - T2295
91,30,T2332 - T2580 - T1994 - T236 - T800 - T1248 - T2849 - T2771 - T2691 - T1700 - T1815 - T1022 - T546 - T413 - T2104 - T2466 - T2218
92,31,T768 - T706 - T1186 - T1013 - T1474 - T1410 - T1609 - T1559
93,32,T1312 - T878 - T298 - T879 - T777 - T1515 - T1489 - T1629 - T1615
94,3,T1820 - T1704 - T1645 - T3
94,4,T3 - T71 - T110 - T1204 - T1252 - T805 - T240 - T806 - T1253 - T2852 - T2774 - T2694 - T1705 - T1822 - T1028 - T553 - T723
94,6,T3 - T1647 - T1972 - T3039 - T725
94,18,T724 - T3038 - T1971 - T1646 - T3
95,33,T1992 - T1697 - T69 - T1698 - T1812 - T1969 - T1199 - T719 - T541
96,34,T2334 - T2582 - T1996 - T238 - T802 - T1250 - T1203 - T109 - T70 - T1 - T1644 - T1702 - T1817 - T1025 - T549 - T416 - T2107 - T2469 - T2221
97,35,T2413 - T2662 - T2075 - T335 - T923 - T1343 - T1236 - T142 - T101 - T143 - T1237 - T1344 - T924 - T336 - T2076 - T2663 - T2414
98,36,T1450 - T989 - T1130 - T650 - T494 - T2178 - T2540 - T2292
99,37,T2425 - T2674 - T2087 - T348 - T937 - T1353 - T2917 - T2837 - T2759 - T1799 - T1950 - T1173 - T693 - T524 - T2201 - T2563 - T2315
100,38,T2226 - T2474 - T2112 - T422 - T557 - T1036 - T1828 - T1708 - T1648 - T5 - T72 - T111 - T1205 - T1256 - T809 - T243 - T1999 - T2585 - T2337
101,39,T2362 - T2610 - T2024 - T269 - T842 - T1283 - T2871 - T2793 - T2713 - T1733 - T1859 - T1071 - T592 - T451 - T2139 - T2501 - T2253
102,40,T2225 - T2473 - T2111 - T421 - T556 - T1032 - T1826 - T1707 - T2696 - T2776 - T2854 - T1255 - T808 - T242 - T1998 - T2584 - T2336
103,41,T2265 - T2513 - T2151 - T463 - T608 - T1087 - T1874 - T1744 - T2722
103,42,T2722 - T2802 - T2880
103,43,T2880 - T1297 - T860 - T285 - T861 - T1298 - T1222 - T129 - T88 - T27 - T1667 - T1980 - T3047 - T743
103,44,T2880 - T1301
103,45,T2880 - T1302 - T866 - T288 - T2038 - T2624 - T2376
103,47,T2722 - T1746 - T1877 - T1090 - T611 - T746
103,151,T745 - T610 - T1089 - T1876 - T1745 - T2722
104,48,T2382 - T2630 - T2044 - T296 - T876 - T1310
105,7,T2360 - T2608 - T2022 - T267 - T838 - T1281 - T2869 - T2791 - T2711 - T1730 - T1855 - T1066 - T587 - T446 - T2134 - T2496 - T2248
106,50,T2346 - T2594 - T2008 - T252 - T818 - T1265 - T2857 - T2779 - T2699 - T1716 - T1837 - T1045 - T566 - T431 - T2121 - T2483 - T2235
107,51,T1540 - T1568 - T1373 - T1421 - T960 - T1056 - T577 - T732
108,52,T891 - T308 - T892 - T1320 - T1228 - T135 - T93 - T35 - T1675 - T1986
109,53,T2389 - T2637 - T2051 - T306 - T889 - T1318 - T2895 - T2814 - T2733 - T1759 - T1894 - T1110 - T631 - T479 - T2164 - T2526 - T2278
110,54,T735 - T579 - T1058 - T961 - T1422 - T1374 - T1569 - T1541
111,55,T2406 - T2654 - T2068 - T325 - T910
112,56,T2329 - T2577 - T2215 - T543 - T721 - T1201 - T1970 - T1813 - T2769 - T2847 - T2927 - T1367 - T953 - T363 - T2101 - T2688 - T2439
113,57,T921 - T333 - T2073 - T2660 - T2411
114,8,T2403 - T2651 - T2065 - T321 - T905 - T1332 - T2905 - T2825 - T2745 - T1773 - T1912 - T1131 - T651 - T495 - T2179 - T2541 - T2293
115,59,T2241 - T2489 - T2127 - T437 - T572 - T1051 - T1844 - T1722 - T1656 - T16
115,60,T16 - T81 - T122
115,61,T122 - T1215 - T1273 - T828 - T260 - T829 - T1274 - T2863 - T2784 - T2704 - T1723 - T1845 - T1052 - T573 - T727
115,63,T122 - T83 - T20 - T1660 - T1977 - T3044 - T734
115,65,T16 - T1658 - T1975 - T3042 - T729
115,58,T728 - T3041 - T1974 - T1657 - T16
115,76,T733 - T3043 - T1976 - T1659 - T18 - T82 - T122
116,66,T2381 - T2629 - T2043 - T295 - T875 - T776 - T1514 - T1488 - T1628 - T396
116,67,T396 - T385 - T371
116,68,T371 - T1583 - T1388 - T1436 - T975 - T1097 - T618 - T469 - T619 - T1098 - T976 - T1437 - T1389 - T1584 - T1548
116,70,T371 - T1588 - T1393 - T1441 - T980 - T1105 - T626 - T474 - T2159 - T2521 - T2273
116,72,T396 - T1632 - T1492 - T1518 - T780
116,14,T883 - T301 - T884 - T1314 - T2889 - T2810 - T2729 - T1754 - T1887 - T1102 - T623 - T472 - T624 - T1103 - T978 - T1439 - T1391 - T1586 - T371
116,49,T1616 - T1630 - T1490 - T1516 - T778 - T881 - T300 - T882 - T779 - T1517 - T1491 - T1631 - T396
117,73,T796 - T1534 - T222 - T211 - T199 - T1480 - T1019 - T1200 - T720 - T542 - T2214 - T2576 - T2328
118,74,T2239 - T2487 - T2125 - T435 - T570 - T1049 - T1842 - T1720 - T2703 - T2783 - T2862 - T1269 - T822 - T256 - T2012 - T2598 - T2350
119,75,T2338 - T2586 - T2000 - T244 - T810 - T1257 - T1206 - T112 - T73 - T113 - T1207 - T1258 - T811 - T245 - T2001 - T2587 - T2339
120,77,T783 - T1521 - T1494 - T1634 - T1618
121,78,T2268 - T2516 - T2154 - T466 - T614 - T1093 - T1879 - T1748 - T1670 - T31
121,79,T31 - T91 - T131 - T1225 - T1305 - T869 - T291 - T870 - T1306 - T2883 - T2805 - T2725 - T1750 - T1881 - T1095 - T616 - T750
121,81,T31 - T1672 - T1984 - T3051 - T752
121,93,T751 - T3050 - T1983 - T1671 - T31
122,82,T2255 - T2503 - T2141 - T453 - T594 - T1073 - T1862 - T1735 - T2715 - T2795 - T2873 - T1286 - T846 - T273 - T2028 - T2614 - T2366
123,83,T757 - T648 - T1128 - T988 - T1449
124,9,T2372 - T2620 - T2034 - T281 - T856 - T772 - T1510 - T1485 - T1625 - T393 - T381 - T368 - T1580 - T1385 - T1433 - T972 - T1085 - T606 - T461 - T2149 - T2511 - T2263
125,84,T2236 - T2484 - T2122 - T432 - T567 - T1046 - T1839 - T1717 - T2700 - T2780 - T2858 - T1266 - T819 - T253 - T2009 - T2595 - T2347
126,85,T2349 - T2597 - T2011 - T255 - T821 - T1268 - T2861 - T2782 - T2702 - T1719 - T1841 - T1048 - T569 - T434 - T2124 - T2486 - T2238
127,86,T2222 - T2470 - T2108 - T418 - T552
128,87,T2357 - T2605 - T2019 - T264 - T833 - T1278 - T2867 - T2788 - T2708 - T1728 - T1853 - T1062 - T583 - T443 - T2132 - T2494 - T2246
129,88,T786 - T1524 - T1497 - T1637 - T1621
130,89,T2219 - T2467 - T2105 - T414 - T547 - T1023 - T955 - T1416 - T1368 - T1563 - T365
130,90,T365 - T377 - T390 - T1622 - T1482 - T1507 - T769 - T803 - T239 - T804 - T1251 - T2851 - T2773 - T2693 - T1703 - T1819 - T1026 - T550 - T417 - T551
130,92,T365 - T1574 - T1379 - T1427 - T966 - T1067 - T588 - T447 - T2135 - T2497 - T2249
130,224,T2358 - T2606 - T2020 - T265 - T834 - T1279 - T2868 - T2789 - T2709 - T2790 - T2710 - T1729 - T1854 - T1064 - T585 - T445 - T586 - T1065 - T965 - T1426 - T1378 - T1573 - T365
131,94,T2390 - T2638 - T2052 - T307 - T890 - T1319 - T2896 - T2815 - T2734 - T1761 - T1898 - T1113 - T634 - T482 - T2167 - T2529 - T2281
132,95,T2367 - T2615 - T2029 - T276 - T851 - T1290 - T2875 - T2797 - T2717 - T1739 - T1867 - T1080 - T601 - T456 - T2144 - T2506 - T2258
133,96,T2379 - T2627 - T2041 - T292 - T871 - T1307 - T2884 - T2806 - T2726 - T1751 - T1883 - T1096 - T617 - T468 - T2156 - T2518 - T2270
134,10,T2436 - T2685 - T2098 - T360 - T950 - T1365 - T2925 - T2845 - T2767 - T1810 - T1966 - T1196 - T716 - T538 - T2210 - T2572 - T2324
135,97,T784 - T1522 - T1495 - T1635 - T1619
136,98,T2408 - T2656 - T2070 - T327 - T912 - T1336 - T2907 - T2827 - T2747 - T1777 - T1919 - T1135 - T655 - T499 - T2183 - T2545 - T2297
137,99,T954 - T364 - T2102 - T2689 - T2440
138,100,T938 - T349 - T939 - T1354 - T2918 - T2838 - T2760 - T1800 - T1952 - T1174 - T694 - T525 - T695 - T1175 - T1006 - T1467 - T1405 - T1604 - T1557
139,101,T1549 - T1585 - T1390 - T1438 - T977 - T1100 - T621 - T471 - T622 - T1101 - T1886 - T1753 - T2728 - T2809 - T2888
140,102,T2301 - T2549 - T2187 - T508 - T671 - T1151 - T1936 - T1789 - T2754 - T2832 - T2911 - T1342 - T922 - T334 - T2074 - T2661 - T2412
141,103,T920 - T332 - T2072 - T2658 - T2410
142,104,T2371 - T2619 - T2033 - T280 - T855 - T1294 - T2877 - T2799 - T2719 - T1741 - T1869 - T1083 - T604 - T459 - T2147 - T2509 - T2261
143,105,T2231 - T2479 - T2117 - T427 - T562 - T1041 - T1833 - T1712 - T2698 - T2778 - T2856 - T1263 - T816 - T250 - T2006 - T2592 - T2344
144,106,T2302 - T2550 - T2188 - T509 - T672 - T1152 - T1937 - T1790 - T2755 - T2833 - T2912 - T1345 - T925 - T337 - T2077 - T2664 - T2415
145,11,T2224 - T2472 - T2110 - T420 - T555 - T1030 - T957 - T1418 - T1370 - T1565 - T1537
146,107,T726 - T3040 - T1973 - T1650 - T9
146,108,T9 - T75 - T115
146,109,T9 - T1651 - T1711 - T1832 - T1040 - T561 - T426 - T2116 - T2478 - T2230
147,110,T753 - T3052 - T1985 - T1673 - T33
147,111,T33 - T92 - T134
147,112,T33 - T1674 - T1756 - T1891 - T1107 - T628 - T476 - T2161 - T2523 - T2275
148,113,T1311 - T877 - T297 - T2045 - T2631 - T2383
149,114,T2283 - T2531 - T2169 - T484 - T637 - T1117 - T1900 - T1763 - T2736 - T2817 - T2898 - T1323 - T896 - T312 - T2056 - T2642 - T2394
150,115,T1545 - T1577 - T1382 - T1430 - T969 - T1078 - T599 - T741
151,116,T2252 - T2500 - T2138 - T450 - T591 - T1070 - T1858 - T1732 - T1662 - T24 - T85 - T124 - T1217 - T1284 - T844 - T271 - T2026 - T2612 - T2364
152,117,T766 - T700 - T1180 - T1009 - T1470 - T1408 - T1607 - T376
152,118,T376 - T389 - T400
152,119,T376 - T1608 - T1409 - T1471 - T1010 - T1181 - T701 - T528 - T702 - T1182 - T1011 - T1472
152,121,T376 - T1612 - T1413 - T1477 - T1016 - T1189 - T709 - T532 - T2205 - T2567 - T2319
152,234,T1560 - T1610 - T1411 - T1475 - T1014 - T1187 - T707 - T531 - T708 - T1188 - T1015 - T1476 - T1412 - T1611 - T376
153,122,T2377 - T2625 - T2039 - T289 - T867 - T1303 - T2881 - T2803 - T2723 - T1747 - T1878 - T1092 - T613 - T465 - T2153 - T2515 - T2267
154,123,T2308 - T2556 - T2194 - T516 - T684 - T1164 - T1002 - T1463 - T197 - T209 - T220 - T1532 - T794
155,12,T2285 - T2533 - T2171 - T487 - T641 - T1121 - T1903 - T1765 - T2737 - T2818 - T2899 - T1325 - T898 - T314 - T2058 - T2644 - T2396
156,125,T2217 - T2465 - T2103 - T412 - T545 - T1021 - T1814 - T1699 - T2690 - T2770 - T2848 - T1247 - T799 - T235 - T1993 - T2579 - T2331
157,126,T1556 - T1597 - T1402 - T1464 - T1003 - T1165 - T685 - T517 - T2195 - T2557 - T2309
158,127,T2323 - T2571 - T2209 - T536 - T713 - T1193 - T1963 - T1808 - T2766 - T2844 - T2924 - T1364 - T949 - T359 - T2097 - T2684 - T2435
159,128,T2374 - T2622 - T2036 - T283 - T858 - T773 - T1511 - T1486 - T1626 - T394 - T383 - T369 - T1581 - T1386 - T1434 - T973 - T1088 - T609 - T464 - T2152 - T2514 - T2266
160,129,T2333 - T2581 - T1995 - T237 - T801 - T1249 - T2850 - T2772 - T2692 - T1701 - T1816 - T1024 - T548 - T415 - T2106 - T2468 - T2220
161,130,T2286 - T2534 - T2172 - T488 - T642 - T1122 - T1904 - T1766 - T2738 - T2819 - T2900 - T1326 - T899 - T315 - T2059 - T2645 - T2397
162,131,T1551 - T1590 - T1395 - T1447 - T986 - T1118 - T638 - T485 - T2170 - T2532 - T2284
163,132,T2272 - T2520 - T2158 - T473 - T625 - T1104 - T979 - T1440 - T1392 - T1587 - T1550
164,133,T2244 - T2492 - T2130 - T440 - T578 - T1057 - T1851 - T1726 - T2707 - T2787 - T2866 - T1277 - T832 - T263 - T2018 - T2604 - T2356
165,134,T2242 - T2490 - T2128 - T438 - T574 - T1053 - T1847 - T1724 - T2705 - T2785 - T2864 - T1275 - T830 - T261 - T2016 - T2602 - T2354
